{
  "$schema": "https://raw.githubusercontent.com/JanDeDobbeleer/oh-my-posh/main/themes/schema.json",
  "final_space": true,
  "console_title": true,
  "console_title_style": "template",
  "console_title_template": "{{ .Shell }} in {{ .Folder }}",
  "blocks": [
    {
      "type": "prompt",
      "alignment": "left",
      "segments": [
        {
          "type": "os",
          "style": "powerline",
          "powerline_symbol": "\uE0B0",
          "foreground": "#fff",
          "background": "#003543",
          "properties": {
            "windows": "\uF179",
            "postfix": ""
          }
        },
        {
          "type": "session",
          "style": "powerline",
          "powerline_symbol": "\uE0B0",
          "foreground": "#d2ff5e",
          "background": "#003543",
          "properties": {
            "prefix": "",
            "template": "{{ .UserName }}"
          }
        },
        {
          "type": "path",
          "style": "powerline",
          "powerline_symbol": "\uE0B0",
          "foreground": "#003544",
          "background": "#0087D8",
          "properties": {
            "prefix": " \uE5FF ",
            "style": "full",
            "folder_separator_icon": "/"
          }
        },
        {
          "type": "git",
          "style": "powerline",
          "powerline_symbol": "\uE0B0",
          "foreground": "#193549",
          "background": "#d2ff5e",
          "background_templates": [
            "{{ if or (.Working.Changed) (.Staging.Changed) }}#ff9248{{ end }}",
            "{{ if and (gt .Ahead 0) (gt .Behind 0) }}#f26d50{{ end }}",
            "{{ if gt .Ahead 0 }}#89d1dc{{ end }}",
            "{{ if gt .Behind 0 }}#f17c37{{ end }}"
          ],
          "properties": {
            "fetch_status": true,
            "fetch_stash_count": true,
            "template": "{{ .HEAD }}{{ if .Staging.Changed }} \uF046 {{ .Staging.String }}{{ end }}{{ if and (.Working.Changed) (.Staging.Changed) }} |{{ end }}{{ if .Working.Changed }} \uF044 {{ .Working.String }}{{ end }}{{ if gt .StashCount 0 }} \uF692 {{ .StashCount }}{{ end }}"
          }
        },
        {
          "type": "exit",
          "style": "powerline",
          "powerline_symbol": "\uE0B0",
          "foreground": "#242424",
          "background": "#33DD2D",
          "background_templates": ["{{ if gt .Code 0 }}#f1184c{{ end }}"],
          "properties": {
            "template": "\ufc8d",
            "always_enabled": true
          }
        }
      ]
    },
    {
      "type": "prompt",
      "alignment": "right",
      "segments": [
        {
          "type": "battery",
          "style": "powerline",
          "invert_powerline": true,
          "powerline_symbol": "\uE0B2",
          "foreground": "#242424",
          "background": "#f36943",
          "background_templates": [
            "{{if eq \"Charging\" .State.String}}#33DD2D{{end}}",
            "{{if eq \"Discharging\" .State.String}}#FFCD58{{end}}",
            "{{if eq \"Full\" .State.String}}#0476d0{{end}}"
          ],
          "properties": {
            "postfix": "\uF295 \uf583 "
          }
        },
        {
          "type": "python",
          "style": "powerline",
          "invert_powerline": true,
          "powerline_symbol": "\uE0B2",
          "foreground": "#003544",
          "background": "#0087D8",
          "properties": {
            "prefix": " \uE235 ",
            "display_mode": "context",
            "fetch_virtual_env": true,
            "template": "{{ .Venv }}"
          }
        },
        {
          "type": "time",
          "style": "powerline",
          "invert_powerline": true,
          "powerline_symbol": "\uE0B2",
          "foreground": "#fff",
          "background": "#003543",
          "properties": {
            "prefix": "<#fff> \uf64f </>"
          }
        }
      ]
    },
    {
      "type": "prompt",
      "alignment": "left",
      "newline": true,
      "segments": [
        {
          "type": "root",
          "style": "plain",
          "foreground": "#FFD700",
          "properties": {
            "root_icon": "⚡"
          }
        },
        {
          "type": "text",
          "style": "plain",
          "foreground": "#f1184c",
          "properties": {
            "prefix": "",
            "text": "🚀"
          }
        }
      ]
    }
  ]
}
