{
  "$schema": "https://raw.githubusercontent.com/JanDeDobbeleer/oh-my-posh/main/themes/schema.json",
  "blocks": [
    {
      "type": "prompt",
      "alignment": "left",
      "segments": [
        {
          "type": "session",
          "style": "plain",
          "foreground": "#E36464",
          "properties": {
            "prefix": "@",
            "template": "{{ .UserName }}"
          }
        },
        {
          "type": "text",
          "style": "plain",
          "foreground": "#62ED8B",
          "properties": {
            "text": "\u279C",
            "postfix": "",
            "prefix": ""
          }
        },
        {
          "type": "path",
          "style": "plain",
          "foreground": "#56B6C2",
          "properties": {
            "style": "folder",
            "postfix": ""
          }
        },
        {
          "type": "git",
          "style": "plain",
          "foreground": "#D4AAFC",
          "properties": {
            "branch_icon": "",
            "prefix": " <#DDB15F>git(</>",
            "postfix": "<#DDB15F>)</>",
            "template": "{{ .HEAD }}"
          }
        },
        {
          "type": "exit",
          "style": "plain",
          "foreground": "#DCB977",
          "properties": {
            "template": "\uF119",
            "postfix": ""
          }
        }
      ]
    }
  ],
  "final_space": true
}
